{
    "convs": [
        {
            "query_image": [
                {
                    "path": "user/user200/images/case4",
                    "num": 73,
                    "suffix": "jpg",
                    "icon": "user/user200/images/case4/0.jpg",
                    "position": 49,
                    "type": "3d"
                }
            ],
            "query_text": "疾病类型：脑卒中（注意，原始图像在叠加mask时会导致原始图像像素值改变，信号请以原始图像为准）\n\n因为公开数据集上仅标注了某种疾病的病灶，图像中也可能存在其他未被标出的病灶。所以将医生需要写的报告分为两部分，【病灶mask报告】指的是针对标注出来的病灶写的报告，【其他区域报告】指针对其他未标注区域写出来的报告。由于网页标注无法测量病灶大小，请使用固定字符“大小约mm”写在报告里需要描述病灶大小的地方，无需填写具体数值。",
            "template": "【病灶mask报告】\n【影像所见】右侧基底节区、侧脑室旁及额颞叶可见散在斑片状异常信号影，呈ADC低信号、DWI高信号，中线结构无移位。\n【影像所得】1. 右侧基底节区、侧脑室旁及额颞叶小斑片梗塞灶（亚急性期），请结合临床。\n【其他区域报告】\n【影像所见】颅脑内两侧大脑实质和小脑未见明显异常信号、DWI未见明显异常高信号影。各脑池及脑室无扩大。脑沟回清晰、无明显增宽。\n【影像所得】1. 头颅MRI平扫未见明显异常。"
        }
    ]
}